IB1.png,a,,,,
IB2.png,d,,,,
IB3.png,a,,,,
IB4.png,d,,,,
IB5.png,d,,,,
IB6.png,b,,,,
IB7.png,a,,,,
IB8.png,d,,,,
IB9.png,c,,,,
IB10.png,a,,,,
IB11.png,c,,,,
IB12.png,b,,,,
IB13.png,b,,,,
IB14.png,c,,,,
IB15.png,c,,,,
IB16.png,a,,,,
IB17.png,d,,,,
IB18.png,a,,,,
IB19.png,d,,,,
IB20.png,a,,,,
IB21.png,d,,,,
IB22.png,b,,,,
IB23.png,a,,,,
IB24.png,b,,,,
IB25.png,b,,,,
IB26.png,c,,,,
IB27.png,a,,,,
IB28.png,a,,,,
IB29.png,b,,,,
IB30.png,d,,,,
IB31.png,a,,,,
IB32.png,d,,,,
IB33.png,b,,,,
IB34.png,b,,,,
IB35.png,c,,,,
IB36.png,a,,,,
IB37.png,b,,,,
IB38.png,b,,,,
IB39.png,a,,,,
IB40.png,d,,,,
IB41.png,d,,,,
IB42.png,c,,,,
IB43.png,c,,,,
IB44.png,a,,,,
IB45.png,b,,,,
IB46.png,a,,,,
IB47.png,a,,,,
IB48.png,b,,,,
IB49.png,c,,,,
IB50.png,c,,,,
IB51.png,c,,,,
IB52.png,d,,,,
IB53.png,a,,,,
IB54.png,b,,,,
IB55.png,d,,,,
IB56.png,a,,,,
IB57.png,a,,,,
IB58.png,b,,,,
IB59.png,d,,,,
IB60.png,b,,,,
IB61.png,a,,,,
IB62.png,a,,,,
IB63.png,c,,,,
IB64.png,b,,,,
IB65.png,b,,,,
IB66.png,b,,,,
IB67.png,d,,,,
IB68.png,d,,,,
IB69.png,a,,,,
IB70.png,d,,,,
IB71.png,b,,,,
IB72.png,d,,,,
IB73.png,c,,,,
IB74.png,b,,IB,74,.png
IB75.png,b,,,75,
IB76.png,a,,,76,
IB77.png,a,skip 33,,77,
IB78.png,c,,,78,
IB79.png,a,,,79,
IB80.png,c,,,80,
IB81.png,a,,,81,
IB82.png,d,,,82,
IB83.png,b,,,83,
IB84.png,a,,,84,
IB85.png,d,,,85,
IB86.png,c,,,86,
IB87.png,c,,,87,
IB88.png,d,,,88,
IB89.png,c,,,89,
IB90.png,d,,,90,
IB91.png,c,,,91,
IB92.png,b,,,92,
IB93.png,a,,,93,
IB94.png,d,,,94,
IB95.png,d,,,95,
IB96.png,b,,,96,
IB97.png,b,,,97,
IB98.png,c,,,98,
IB99.png,d,,,99,
IB100.png,d,,,100,
IB101.png,b,,,101,
IB102.png,b,,,102,
IB103.png,a,,,103,
IB104.png,c,,,104,
IB105.png,c,,,105,
IB106.png,d,,,106,
IB107.png,a,,,107,
IB108.png,c,,,108,
IB109.png,b,,,109,
IB110.png,c,,,110,
IB111.png,b,,,111,
IB112.png,a,,,112,
